0,1,9.590726420577456e-05
0,2,0.00019260618696306797
0,3,2.3903306581030126e-05
0,4,0.00019260618696320675
0,5,0.00021690615142552772
0,6,0.00019260618696320675
0,7,0.00019260618696320675
0,8,4.785548576295706e-05
0,9,0.00019260618696306797
0,10,6.225033537819724e-05
0,11,6.225033537819724e-05
0,12,0.04568580565449337
0,13,0.00038843205311328566
0,14,0.00038843205311328566
0,15,0.0005875870745299383
0,16,0.00038843205311328566
0,17,0.00038843205311328566
0,18,6.225033537819724e-05
0,19,0.0003884320531131191
0,20,9.590726420594109e-05
0,21,0.00019260618696320675
0,22,0.0005875870745300493
0,23,4.785548576295706e-05
0,24,0.0018593293965769586
0,25,0.0005875870745299383
0,26,4.785548576295706e-05
0,27,0.00019260618696320675
0,28,0.00019260618696320675
0,29,0.0009963512893076953
0,30,0.00021690615142552772
0,31,6.225033537819724e-05
0,32,0.00019260618696320675
0,33,9.590726420594109e-05
0,34,4.785548576295706e-05
0,35,6.225033537819724e-05
0,36,0.00019260618696320675
0,37,0.00038843205311328566
0,38,9.590726420577456e-05
0,39,0.0006379093749109832
0,40,0.0007901864076751974
0,41,4.785548576295706e-05
0,42,0.00019260618696320675
0,43,9.590726420594109e-05
0,44,4.785548576295706e-05
0,45,4.785548576295706e-05
0,46,0.00019260618696320675
0,47,0.00019260618696320675
0,48,0.000290109946561673
0,49,0.00019260618696320675
1,2,0.00019260618696306797
1,3,2.3903306581030126e-05
1,4,0.00019260618696320675
1,5,0.00021690615142552772
1,6,0.00019260618696320675
1,7,0.00019260618696320675
1,8,4.785548576295706e-05
1,9,0.00019260618696306797
1,10,6.225033537819724e-05
1,11,6.225033537819724e-05
1,12,0.0002901099465613399
1,13,0.00038843205311328566
1,14,0.00038843205311328566
1,15,0.0005875870745299383
1,16,0.00038843205311328566
1,17,0.00038843205311328566
1,18,6.225033537819724e-05
1,19,0.0003884320531131191
1,20,9.590726420594109e-05
1,21,0.00019260618696320675
1,22,0.0005875870745300493
1,23,4.785548576295706e-05
1,24,0.0018593293965769586
1,25,0.0005875870745299383
1,26,4.785548576295706e-05
1,27,0.00019260618696320675
1,28,0.00019260618696320675
1,29,0.0009963512893076953
1,30,0.00021690615142552772
1,31,6.225033537819724e-05
1,32,0.00019260618696320675
1,33,9.590726420594109e-05
1,34,4.785548576295706e-05
1,35,6.225033537819724e-05
1,36,0.00019260618696320675
1,37,0.00038843205311328566
1,38,0.06805598431599132
1,39,0.0006379093749109832
1,40,0.0007901864076751974
1,41,4.785548576295706e-05
1,42,0.00019260618696320675
1,43,9.590726420594109e-05
1,44,4.785548576295706e-05
1,45,4.785548576295706e-05
1,46,0.00019260618696320675
1,47,0.00019260618696320675
1,48,0.000290109946561673
1,49,0.00019260618696320675
2,3,4.8003310072153305e-05
2,4,0.0003868088693187999
2,5,0.0004356121052039308
2,6,0.0003868088693187999
2,7,0.0003868088693187999
2,8,9.610517382818706e-05
2,9,0.0003868088693187999
2,10,0.00012501376644091788
2,11,0.00012501376644091788
2,12,0.0005826347354690453
2,13,0.0007801111486963608
2,14,0.0007801111486963608
2,15,0.0011801285825927543
2,16,0.0007801111486963608
2,17,0.0007801111486963608
2,18,0.00012501376644091788
2,19,0.0007801111486963608
2,20,0.00019260618696320675
2,21,0.0003868088693187999
2,22,0.0011801285825927543
2,23,9.610517382818706e-05
2,24,0.003735234692332501
2,25,0.0011801285825927543
2,26,9.610517382818706e-05
2,27,0.0003868088693187999
2,28,0.0003868088693187999
2,29,0.0020012544914129737
2,30,0.0004356121052039308
2,31,0.00012501376644091788
2,32,0.0003868088693189664
2,33,0.00019260618696320675
2,34,9.610517382818706e-05
2,35,0.00012501376644091788
2,36,0.0003868088693187999
2,37,0.0007801111486963608
2,38,0.00019260618696306797
2,39,0.0012812092586080293
2,40,0.0015870944719378888
2,41,9.610517382818706e-05
2,42,0.0003868088693187999
2,43,0.00019260618696320675
2,44,9.610517382818706e-05
2,45,9.610517382818706e-05
2,46,0.0003868088693187999
2,47,0.0003868088693187999
2,48,0.0005826347354691563
2,49,0.0003868088693187999
3,4,4.8003310072153305e-05
3,5,0.011888301839057286
3,6,4.800331007198677e-05
3,7,4.8003310072153305e-05
3,8,1.1927267053672697e-05
3,9,4.8003310072153305e-05
3,10,0.01600951548238115
3,11,0.01600951548238115
3,12,7.230327453447427e-05
3,13,9.680654595711768e-05
3,14,9.680654595711768e-05
3,15,0.00014643681998588454
3,16,9.680654595711768e-05
3,17,9.680654595711768e-05
3,18,0.01600951548238115
3,19,9.680654595728422e-05
3,20,2.3903306580863593e-05
3,21,4.8003310072153305e-05
3,22,0.00014643681998588454
3,23,1.1927267053672697e-05
3,24,0.0004632944032133546
3,25,0.00014643681998588454
3,26,1.1927267053672697e-05
3,27,4.800331007198677e-05
3,28,4.8003310072153305e-05
3,29,0.00024829404116832876
3,30,0.011888301839057286
3,31,0.01600951548238115
3,32,4.8003310072153305e-05
3,33,2.3903306580863593e-05
3,34,1.1927267053672697e-05
3,35,0.01600951548238115
3,36,4.8003310072153305e-05
3,37,9.680654595728422e-05
3,38,2.3903306581030126e-05
3,39,0.0001589769225687765
3,40,0.00019692264668447201
3,41,1.1927267053672697e-05
3,42,4.8003310072153305e-05
3,43,2.3903306580863593e-05
3,44,1.1927267053672697e-05
3,45,1.1927267053672697e-05
3,46,4.8003310072153305e-05
3,47,4.800331007198677e-05
3,48,7.23032745346408e-05
3,49,4.8003310072153305e-05
4,5,0.0004356121052039308
4,6,0.0003868088693187999
4,7,0.0003868088693187999
4,8,9.61051738283536e-05
4,9,0.0003868088693187999
4,10,0.00012501376644091788
4,11,0.00012501376644091788
4,12,0.0005826347354690453
4,13,0.0007801111486963608
4,14,0.0007801111486963608
4,15,0.0011801285825927543
4,16,0.0007801111486963608
4,17,0.0007801111486963608
4,18,0.00012501376644091788
4,19,0.0007801111486963608
4,20,0.00019260618696320675
4,21,0.0003868088693187999
4,22,0.0011801285825927543
4,23,9.61051738283536e-05
4,24,0.003735234692332501
4,25,0.0011801285825927543
4,26,9.61051738283536e-05
4,27,0.0003868088693187999
4,28,0.0003868088693187999
4,29,0.0020012544914129737
4,30,0.0004356121052039308
4,31,0.00012501376644091788
4,32,0.0003868088693189664
4,33,0.00019260618696320675
4,34,9.61051738283536e-05
4,35,0.00012501376644091788
4,36,0.0003868088693187999
4,37,0.0007801111486963608
4,38,0.00019260618696320675
4,39,0.0012812092586080293
4,40,0.0015870944719378888
4,41,9.61051738283536e-05
4,42,0.0003868088693187999
4,43,0.00019260618696320675
4,44,9.61051738283536e-05
4,45,9.61051738283536e-05
4,46,0.0003868088693187999
4,47,0.0003868088693187999
4,48,0.0005826347354691563
4,49,0.0003868088693187999
5,6,0.0004356121052040418
5,7,0.0004356121052039308
5,8,0.00010822995376572053
5,9,0.0004356121052039308
5,10,0.006891793878293556
5,11,0.006891793878293556
5,12,0.0006561479804190196
5,13,0.0008785446586102585
5,14,0.0008785446586102585
5,15,0.0013290479192050175
5,16,0.0008785446586102585
5,17,0.0008785446586102585
5,18,0.006891793878293556
5,19,0.0008785446586100365
5,20,0.00021690615142552772
5,21,0.0004356121052039308
5,22,0.0013290479192050175
5,23,0.00010822995376572053
5,24,0.0042068358454792065
5,25,0.0013290479192050175
5,26,0.00010822995376572053
5,27,0.0004356121052039308
5,28,0.0004356121052039308
5,29,0.0022538338076554254
5,30,0.0030811785737326902
5,31,0.006891793878293556
5,32,0.0004356121052040418
5,33,0.00021690615142552772
5,34,0.00010822995376572053
5,35,0.006891793878293556
5,36,0.0004356121052039308
5,37,0.0008785446586100365
5,38,0.00021690615142552772
5,39,0.001442887214932409
5,40,0.0017873852030341197
5,41,0.00010822995376572053
5,42,0.0004356121052039308
5,43,0.00021690615142552772
5,44,0.00010822995376572053
5,45,0.00010822995376572053
5,46,0.0004356121052039308
5,47,0.0004356121052040418
5,48,0.0006561479804190196
5,49,0.0004356121052039308
6,7,0.0003868088693187999
6,8,9.61051738283536e-05
6,9,0.0003868088693187999
6,10,0.00012501376644091788
6,11,0.00012501376644091788
6,12,0.0005826347354690453
6,13,0.0007801111486963608
6,14,0.0007801111486965828
6,15,0.0011801285825927543
6,16,0.0007801111486963608
6,17,0.0007801111486963608
6,18,0.00012501376644091788
6,19,0.0007801111486963608
6,20,0.00019260618696320675
6,21,0.0003868088693187999
6,22,0.0011801285825927543
6,23,9.61051738283536e-05
6,24,0.003735234692332501
6,25,0.0011801285825927543
6,26,9.61051738283536e-05
6,27,0.0003868088693187999
6,28,0.0003868088693187999
6,29,0.0020012544914129737
6,30,0.0004356121052040418
6,31,0.00012501376644091788
6,32,0.0003868088693189664
6,33,0.00019260618696320675
6,34,9.61051738283536e-05
6,35,0.00012501376644091788
6,36,0.0003868088693187999
6,37,0.0007801111486963608
6,38,0.00019260618696320675
6,39,0.0012812092586080293
6,40,0.0015870944719378888
6,41,9.61051738283536e-05
6,42,0.0003868088693187999
6,43,0.00019260618696320675
6,44,9.61051738283536e-05
6,45,9.61051738283536e-05
6,46,0.0003868088693187999
6,47,0.0003868088693187999
6,48,0.0005826347354691563
6,49,0.0003868088693187999
7,8,9.61051738283536e-05
7,9,0.0003868088693187999
7,10,0.00012501376644091788
7,11,0.00012501376644091788
7,12,0.0005826347354690453
7,13,0.0007801111486963608
7,14,0.0007801111486963608
7,15,0.0011801285825927543
7,16,0.0007801111486963608
7,17,0.0007801111486963608
7,18,0.00012501376644091788
7,19,0.0007801111486963608
7,20,0.00019260618696320675
7,21,0.0003868088693187999
7,22,0.0011801285825927543
7,23,9.61051738283536e-05
7,24,0.003735234692332501
7,25,0.0011801285825927543
7,26,9.61051738283536e-05
7,27,0.0003868088693187999
7,28,0.0003868088693187999
7,29,0.0020012544914129737
7,30,0.0004356121052039308
7,31,0.00012501376644091788
7,32,0.0003868088693189664
7,33,0.00019260618696320675
7,34,9.61051738283536e-05
7,35,0.00012501376644091788
7,36,0.0003868088693187999
7,37,0.0007801111486963608
7,38,0.00019260618696320675
7,39,0.0012812092586080293
7,40,0.0015870944719378888
7,41,9.61051738283536e-05
7,42,0.0003868088693187999
7,43,0.00019260618696320675
7,44,9.61051738283536e-05
7,45,9.61051738283536e-05
7,46,0.0003868088693187999
7,47,0.0003868088693187999
7,48,0.0005826347354691563
7,49,0.0003868088693187999
8,9,9.610517382818706e-05
8,10,3.106155558840751e-05
8,11,3.106155558840751e-05
8,12,0.00014475561254678748
8,13,0.00019381351480554643
8,14,0.00019381351480554643
8,15,0.0002931794177643554
8,16,0.00019381351480554643
8,17,0.00019381351480554643
8,18,3.106155558840751e-05
8,19,0.00019381351480540765
8,20,4.785548576295706e-05
8,21,9.61051738283536e-05
8,22,0.00029317941776446643
8,23,0.03810002091525363
8,24,0.0009276110781203384
8,25,0.0002931794177643554
8,26,0.03810002091525363
8,27,9.610517382818706e-05
8,28,9.61051738283536e-05
8,29,0.0004971157680003224
8,30,0.00010822995376572053
8,31,3.106155558840751e-05
8,32,9.61051738283536e-05
8,33,4.785548576295706e-05
8,34,0.03810002091525363
8,35,3.106155558840751e-05
8,36,9.61051738283536e-05
8,37,0.00019381351480554643
8,38,4.785548576295706e-05
8,39,0.01744973132053035
8,40,0.00039426009377979687
8,41,0.03810002091525363
8,42,9.61051738283536e-05
8,43,4.785548576295706e-05
8,44,0.03810002091525363
8,45,0.03810002091525363
8,46,9.61051738283536e-05
8,47,9.61051738283536e-05
8,48,0.00014475561254695402
8,49,9.61051738283536e-05
9,10,0.00012501376644091788
9,11,0.00012501376644091788
9,12,0.0005826347354690453
9,13,0.0007801111486963608
9,14,0.0007801111486963608
9,15,0.0011801285825927543
9,16,0.0007801111486963608
9,17,0.0007801111486963608
9,18,0.00012501376644091788
9,19,0.0007801111486963608
9,20,0.00019260618696320675
9,21,0.0003868088693187999
9,22,0.0011801285825927543
9,23,9.610517382818706e-05
9,24,0.003735234692332501
9,25,0.0011801285825927543
9,26,9.610517382818706e-05
9,27,0.0003868088693187999
9,28,0.0003868088693187999
9,29,0.0020012544914129737
9,30,0.0004356121052039308
9,31,0.00012501376644091788
9,32,0.0003868088693189664
9,33,0.00019260618696320675
9,34,9.610517382818706e-05
9,35,0.00012501376644091788
9,36,0.0003868088693187999
9,37,0.0007801111486963608
9,38,0.00019260618696306797
9,39,0.0012812092586080293
9,40,0.0015870944719378888
9,41,9.610517382818706e-05
9,42,0.0003868088693187999
9,43,0.00019260618696320675
9,44,9.610517382818706e-05
9,45,9.610517382818706e-05
9,46,0.0003868088693187999
9,47,0.0003868088693187999
9,48,0.0005826347354691563
9,49,0.0003868088693187999
10,11,0.04752754694225386
10,12,0.00018829882189280722
10,13,0.00025211424486903944
10,14,0.00025211424486903944
10,15,0.0003813722818945542
10,16,0.00025211424486903944
10,17,0.00025211424486903944
10,18,0.04752754694225386
10,19,0.00025211424486903944
10,20,6.225033537805846e-05
10,21,0.00012501376644094564
10,22,0.0003813722818945542
10,23,3.106155558840751e-05
10,24,0.0012066936570465092
10,25,0.0003813722818945542
10,26,3.106155558840751e-05
10,27,0.00012501376644094564
10,28,0.00012501376644094564
10,29,0.0006466630282284669
10,30,0.006891793878293556
10,31,0.04752754694225386
10,32,0.00012501376644094564
10,33,6.225033537805846e-05
10,34,3.106155558840751e-05
10,35,0.04752754694225386
10,36,0.00012501376644094564
10,37,0.00025211424486903944
10,38,6.225033537821112e-05
10,39,0.0004140325579036763
10,40,0.0005128623945366284
10,41,3.106155558840751e-05
10,42,0.00012501376644094564
10,43,6.225033537805846e-05
10,44,3.106155558840751e-05
10,45,3.106155558840751e-05
10,46,0.00012501376644094564
10,47,0.00012501376644094564
10,48,0.00018829882189280722
10,49,0.00012501376644094564
11,12,0.00018829882189280722
11,13,0.00025211424486903944
11,14,0.00025211424486903944
11,15,0.0003813722818945542
11,16,0.00025211424486903944
11,17,0.00025211424486903944
11,18,0.04752754694225386
11,19,0.00025211424486903944
11,20,6.225033537805846e-05
11,21,0.00012501376644094564
11,22,0.0003813722818945542
11,23,3.106155558840751e-05
11,24,0.0012066936570465092
11,25,0.0003813722818945542
11,26,3.106155558840751e-05
11,27,0.00012501376644094564
11,28,0.00012501376644094564
11,29,0.0006466630282284669
11,30,0.006891793878293556
11,31,0.04752754694225386
11,32,0.00012501376644094564
11,33,6.225033537805846e-05
11,34,3.106155558840751e-05
11,35,0.04752754694225386
11,36,0.00012501376644094564
11,37,0.00025211424486903944
11,38,6.225033537821112e-05
11,39,0.0004140325579036763
11,40,0.0005128623945366284
11,41,3.106155558840751e-05
11,42,0.00012501376644094564
11,43,6.225033537805846e-05
11,44,3.106155558840751e-05
11,45,3.106155558840751e-05
11,46,0.00012501376644094564
11,47,0.00012501376644094564
11,48,0.00018829882189280722
11,49,0.00012501376644094564
12,13,0.0011750920362632589
12,14,0.0011750920362632589
12,15,0.001777708803304856
12,16,0.0011750920362632589
12,17,0.0011750920362630923
12,18,0.00018829882189277947
12,19,0.0011750920362632589
12,20,0.00029010994656150646
12,21,0.0005826347354690453
12,22,0.001777708803304856
12,23,0.00014475561254678748
12,24,0.005628014744183507
12,25,0.001777708803304745
12,26,0.00014475561254678748
12,27,0.0005826347354690453
12,28,0.0005826347354690453
12,29,0.003014857776670876
12,30,0.0006561479804190196
12,31,0.00018829882189277947
12,32,0.0005826347354690453
12,33,0.00029010994656150646
12,34,0.00014475561254678748
12,35,0.00018829882189277947
12,36,0.0005826347354690453
12,37,0.0011750920362632589
12,38,0.0002901099465613399
12,39,0.0019299915540816892
12,40,0.002390839574282433
12,41,0.00014475561254678748
12,42,0.0005826347354690453
12,43,0.00029010994656150646
12,44,0.00014475561254678748
12,45,0.00014475561254678748
12,46,0.0005826347354690453
12,47,0.0005826347354690453
12,48,0.0008776149082950213
12,49,0.0005826347354690453
13,14,0.0015734308619703152
13,15,0.002380414185211621
13,16,0.0015734308619700932
13,17,0.0015734308619700932
13,18,0.00025211424486903944
13,19,0.0015734308619700932
13,20,0.00038843205311328566
13,21,0.0007801111486964163
13,22,0.002380414185211621
13,23,0.00019381351480554643
13,24,0.007537976583028572
13,25,0.002380414185211621
13,26,0.00019381351480554643
13,27,0.0007801111486964163
13,28,0.0007801111486964163
13,29,0.004037313202372883
13,30,0.0008785446586102585
13,31,0.00025211424486903944
13,32,0.0007801111486965828
13,33,0.00038843205311328566
13,34,0.00019381351480554643
13,35,0.00025211424486903944
13,36,0.0007801111486964163
13,37,0.0015734308619700932
13,38,0.00038843205311328566
13,39,0.002584350535447588
13,40,0.0032015400940318406
13,41,0.00019381351480554643
13,42,0.0007801111486964163
13,43,0.00038843205311328566
13,44,0.00019381351480554643
13,45,0.00019381351480554643
13,46,0.0007801111486964163
13,47,0.0007801111486964163
13,48,0.001175092036263481
13,49,0.0007801111486964163
14,15,0.002380414185211621
14,16,0.0015734308619703152
14,17,0.0015734308619703152
14,18,0.00025211424486903944
14,19,0.0015734308619700932
14,20,0.00038843205311328566
14,21,0.0007801111486964163
14,22,0.002380414185211621
14,23,0.00019381351480554643
14,24,0.007537976583028572
14,25,0.002380414185211621
14,26,0.00019381351480554643
14,27,0.0007801111486964163
14,28,0.0007801111486964163
14,29,0.004037313202372883
14,30,0.0008785446586102585
14,31,0.00025211424486903944
14,32,0.08729498950419584
14,33,0.00038843205311328566
14,34,0.00019381351480554643
14,35,0.00025211424486903944
14,36,0.0007801111486964163
14,37,0.0015734308619700932
14,38,0.00038843205311328566
14,39,0.002584350535447588
14,40,0.0032015400940318406
14,41,0.00019381351480554643
14,42,0.0007801111486964163
14,43,0.00038843205311328566
14,44,0.00019381351480554643
14,45,0.00019381351480554643
14,46,0.0007801111486964163
14,47,0.0007801111486965828
14,48,0.0011750920362633144
14,49,0.0007801111486964163
15,16,0.002380414185211621
15,17,0.002380414185211621
15,18,0.0003813722818946097
15,19,0.002380414185211621
15,20,0.0005875870745301048
15,21,0.0011801285825927543
15,22,0.003601557527928234
15,23,0.0002931794177642999
15,24,0.011410716438281843
15,25,0.003601557527928234
15,26,0.0002931794177642999
15,27,0.0011801285825927543
15,28,0.0011801285825927543
15,29,0.006109408968525631
15,30,0.0013290479192050175
15,31,0.0003813722818946097
15,32,0.0011801285825928653
15,33,0.0005875870745301048
15,34,0.0002931794177642999
15,35,0.0003813722818946097
15,36,0.0011801285825927543
15,37,0.002380414185211621
15,38,0.0005875870745299383
15,39,0.003910188005325499
15,40,0.0048442965256143555
15,41,0.0002931794177642999
15,42,0.0011801285825927543
15,43,0.0005875870745301048
15,44,0.0002931794177642999
15,45,0.0002931794177642999
15,46,0.0011801285825927543
15,47,0.0011801285825927543
15,48,0.0017777088033050226
15,49,0.0011801285825927543
16,17,0.0015734308619700932
16,18,0.00025211424486903944
16,19,0.0015734308619700932
16,20,0.00038843205311328566
16,21,0.0007801111486964163
16,22,0.002380414185211621
16,23,0.00019381351480554643
16,24,0.007537976583028572
16,25,0.002380414185211621
16,26,0.00019381351480554643
16,27,0.0007801111486964163
16,28,0.0007801111486964163
16,29,0.004037313202372883
16,30,0.0008785446586102585
16,31,0.00025211424486903944
16,32,0.0007801111486965828
16,33,0.00038843205311328566
16,34,0.00019381351480554643
16,35,0.00025211424486903944
16,36,0.0007801111486964163
16,37,0.0015734308619700932
16,38,0.00038843205311328566
16,39,0.002584350535447588
16,40,0.0032015400940318406
16,41,0.00019381351480554643
16,42,0.0007801111486964163
16,43,0.00038843205311328566
16,44,0.00019381351480554643
16,45,0.00019381351480554643
16,46,0.0007801111486964163
16,47,0.0007801111486964163
16,48,0.001175092036263481
16,49,0.0007801111486964163
17,18,0.00025211424486903944
17,19,0.0015734308619700932
17,20,0.00038843205311328566
17,21,0.0007801111486964163
17,22,0.002380414185211621
17,23,0.00019381351480554643
17,24,0.007537976583028572
17,25,0.002380414185211621
17,26,0.00019381351480554643
17,27,0.0007801111486964163
17,28,0.0007801111486964163
17,29,0.004037313202372883
17,30,0.0008785446586102585
17,31,0.00025211424486903944
17,32,0.0007801111486964163
17,33,0.00038843205311328566
17,34,0.00019381351480554643
17,35,0.00025211424486903944
17,36,0.0007801111486964163
17,37,0.0015734308619700932
17,38,0.00038843205311328566
17,39,0.002584350535447477
17,40,0.0032015400940318406
17,41,0.00019381351480554643
17,42,0.0007801111486964163
17,43,0.00038843205311328566
17,44,0.00019381351480554643
17,45,0.00019381351480554643
17,46,0.0007801111486964163
17,47,0.0007801111486964163
17,48,0.001175092036263481
17,49,0.0007801111486964163
18,19,0.00025211424486903944
18,20,6.225033537805846e-05
18,21,0.00012501376644094564
18,22,0.0003813722818945542
18,23,3.106155558840751e-05
18,24,0.0012066936570465092
18,25,0.0003813722818945542
18,26,3.106155558840751e-05
18,27,0.00012501376644094564
18,28,0.00012501376644094564
18,29,0.0006466630282284669
18,30,0.006891793878293556
18,31,0.04752754694225386
18,32,0.00012501376644094564
18,33,6.225033537805846e-05
18,34,3.106155558840751e-05
18,35,0.04752754694225386
18,36,0.00012501376644094564
18,37,0.00025211424486903944
18,38,6.225033537821112e-05
18,39,0.0004140325579036763
18,40,0.0005128623945366284
18,41,3.106155558840751e-05
18,42,0.00012501376644094564
18,43,6.225033537805846e-05
18,44,3.106155558840751e-05
18,45,3.106155558840751e-05
18,46,0.00012501376644094564
18,47,0.00012501376644094564
18,48,0.00018829882189280722
18,49,0.00012501376644094564
19,20,0.00038843205311328566
19,21,0.0007801111486964163
19,22,0.002380414185211621
19,23,0.00019381351480540765
19,24,0.007537976583028572
19,25,0.002380414185211621
19,26,0.00019381351480540765
19,27,0.0007801111486964163
19,28,0.0007801111486964163
19,29,0.004037313202372883
19,30,0.0008785446586100365
19,31,0.00025211424486903944
19,32,0.0007801111486965828
19,33,0.00038843205311328566
19,34,0.00019381351480540765
19,35,0.00025211424486903944
19,36,0.0007801111486964163
19,37,0.0015734308619700932
19,38,0.0003884320531131191
19,39,0.002584350535447588
19,40,0.0032015400940318406
19,41,0.00019381351480540765
19,42,0.0007801111486964163
19,43,0.00038843205311328566
19,44,0.00019381351480540765
19,45,0.00019381351480540765
19,46,0.0007801111486964163
19,47,0.0007801111486964163
19,48,0.001175092036263481
19,49,0.0007801111486964163
20,21,0.00019260618696320675
20,22,0.0005875870745300493
20,23,4.785548576295706e-05
20,24,0.0018593293965769586
20,25,0.0005875870745300493
20,26,4.785548576295706e-05
20,27,0.00019260618696306797
20,28,0.00019260618696320675
20,29,0.0009963512893078619
20,30,0.00021690615142552772
20,31,6.225033537805846e-05
20,32,0.00019260618696320675
20,33,0.06805598431599132
20,34,4.785548576295706e-05
20,35,6.225033537805846e-05
20,36,0.00019260618696320675
20,37,0.00038843205311328566
20,38,9.590726420594109e-05
20,39,0.0006379093749109832
20,40,0.000790186407675364
20,41,4.785548576295706e-05
20,42,0.00019260618696320675
20,43,9.590726420577456e-05
20,44,4.785548576295706e-05
20,45,4.785548576295706e-05
20,46,0.00019260618696320675
20,47,0.00019260618696320675
20,48,0.00029010994656150646
20,49,0.00019260618696320675
21,22,0.0011801285825927543
21,23,9.61051738283536e-05
21,24,0.003735234692332501
21,25,0.0011801285825927543
21,26,9.61051738283536e-05
21,27,0.0003868088693187999
21,28,0.0003868088693187999
21,29,0.0020012544914129737
21,30,0.0004356121052039308
21,31,0.00012501376644091788
21,32,0.0003868088693189664
21,33,0.00019260618696320675
21,34,9.61051738283536e-05
21,35,0.00012501376644091788
21,36,0.0003868088693187999
21,37,0.0007801111486963608
21,38,0.00019260618696320675
21,39,0.0012812092586080293
21,40,0.0015870944719378888
21,41,9.61051738283536e-05
21,42,0.0003868088693187999
21,43,0.00019260618696320675
21,44,9.61051738283536e-05
21,45,9.61051738283536e-05
21,46,0.0003868088693187999
21,47,0.0003868088693187999
21,48,0.0005826347354691563
21,49,0.0003868088693187999
22,23,0.00029317941776446643
22,24,0.011410716438281843
22,25,0.003601557527928234
22,26,0.00029317941776446643
22,27,0.0011801285825927543
22,28,0.0011801285825927543
22,29,0.006109408968525631
22,30,0.0013290479192050175
22,31,0.0003813722818946097
22,32,0.0011801285825928653
22,33,0.0005875870745301048
22,34,0.00029317941776446643
22,35,0.0003813722818946097
22,36,0.0011801285825927543
22,37,0.002380414185211621
22,38,0.0005875870745301048
22,39,0.003910188005325499
22,40,0.0048442965256143555
22,41,0.00029317941776446643
22,42,0.0011801285825927543
22,43,0.0005875870745301048
22,44,0.00029317941776446643
22,45,0.00029317941776446643
22,46,0.0011801285825927543
22,47,0.0011801285825927543
22,48,0.0017777088033050226
22,49,0.0011801285825927543
23,24,0.0009276110781203384
23,25,0.0002931794177643554
23,26,0.03810002091525363
23,27,9.610517382818706e-05
23,28,9.61051738283536e-05
23,29,0.0004971157680003224
23,30,0.00010822995376572053
23,31,3.106155558840751e-05
23,32,9.61051738283536e-05
23,33,4.785548576295706e-05
23,34,0.03810002091525363
23,35,3.106155558840751e-05
23,36,9.61051738283536e-05
23,37,0.00019381351480554643
23,38,4.785548576295706e-05
23,39,0.01744973132053035
23,40,0.00039426009377979687
23,41,0.03810002091525363
23,42,9.61051738283536e-05
23,43,4.785548576295706e-05
23,44,0.03810002091525363
23,45,0.03810002091525363
23,46,9.61051738283536e-05
23,47,9.61051738283536e-05
23,48,0.00014475561254695402
23,49,9.61051738283536e-05
24,25,0.011410716438281843
24,26,0.0009276110781203384
24,27,0.003735234692332501
24,28,0.003735234692332501
24,29,0.01937686782480519
24,30,0.0042068358454793175
24,31,0.0012066936570465092
24,32,0.003735234692332501
24,33,0.0018593293965769586
24,34,0.0009276110781203384
24,35,0.0012066936570465092
24,36,0.003735234692332501
24,37,0.007537976583028572
24,38,0.0018593293965769586
24,39,0.012390143724097968
24,40,0.015356085800004138
24,41,0.0009276110781203384
24,42,0.003735234692332501
24,43,0.0018593293965769586
24,44,0.0009276110781203384
24,45,0.0009276110781203384
24,46,0.003735234692332501
24,47,0.003735234692332501
24,48,0.005628014744183618
24,49,0.003735234692332501
25,26,0.0002931794177642999
25,27,0.0011801285825927543
25,28,0.0011801285825927543
25,29,0.006109408968525631
25,30,0.0013290479192050175
25,31,0.0003813722818946097
25,32,0.0011801285825927543
25,33,0.0005875870745301048
25,34,0.0002931794177642999
25,35,0.0003813722818946097
25,36,0.0011801285825927543
25,37,0.002380414185211621
25,38,0.0005875870745299383
25,39,0.003910188005325499
25,40,0.0048442965256143555
25,41,0.0002931794177642999
25,42,0.0011801285825927543
25,43,0.0005875870745301048
25,44,0.0002931794177642999
25,45,0.0002931794177642999
25,46,0.0011801285825927543
25,47,0.0011801285825927543
25,48,0.0017777088033050226
25,49,0.0011801285825927543
26,27,9.610517382818706e-05
26,28,9.61051738283536e-05
26,29,0.0004971157680003224
26,30,0.00010822995376572053
26,31,3.106155558840751e-05
26,32,9.61051738283536e-05
26,33,4.785548576295706e-05
26,34,0.03810002091525363
26,35,3.106155558840751e-05
26,36,9.61051738283536e-05
26,37,0.00019381351480554643
26,38,4.785548576295706e-05
26,39,0.01744973132053035
26,40,0.00039426009377979687
26,41,0.03810002091525363
26,42,9.61051738283536e-05
26,43,4.785548576295706e-05
26,44,0.03810002091525363
26,45,0.03810002091525363
26,46,9.61051738283536e-05
26,47,9.61051738283536e-05
26,48,0.00014475561254695402
26,49,9.61051738283536e-05
27,28,0.0003868088693187999
27,29,0.0020012544914129737
27,30,0.0004356121052039308
27,31,0.00012501376644091788
27,32,0.0003868088693189664
27,33,0.00019260618696306797
27,34,9.610517382818706e-05
27,35,0.00012501376644091788
27,36,0.0003868088693187999
27,37,0.0007801111486963608
27,38,0.00019260618696320675
27,39,0.0012812092586080293
27,40,0.0015870944719378888
27,41,9.610517382818706e-05
27,42,0.0003868088693187999
27,43,0.00019260618696306797
27,44,9.610517382818706e-05
27,45,9.610517382818706e-05
27,46,0.0003868088693187999
27,47,0.0003868088693187999
27,48,0.0005826347354691563
27,49,0.0003868088693187999
28,29,0.0020012544914129737
28,30,0.0004356121052039308
28,31,0.00012501376644091788
28,32,0.0003868088693189664
28,33,0.00019260618696320675
28,34,9.61051738283536e-05
28,35,0.00012501376644091788
28,36,0.0003868088693187999
28,37,0.0007801111486963608
28,38,0.00019260618696320675
28,39,0.0012812092586080293
28,40,0.0015870944719378888
28,41,9.61051738283536e-05
28,42,0.0003868088693187999
28,43,0.00019260618696320675
28,44,9.61051738283536e-05
28,45,9.61051738283536e-05
28,46,0.0003868088693187999
28,47,0.0003868088693187999
28,48,0.0005826347354691563
28,49,0.0003868088693187999
29,30,0.0022538338076554254
29,31,0.0006466630282285224
29,32,0.0020012544914129737
29,33,0.0009963512893078064
29,34,0.0004971157680003224
29,35,0.0006466630282285224
29,36,0.0020012544914129737
29,37,0.004037313202372883
29,38,0.0009963512893076953
29,39,0.006633214458491965
29,40,0.008218841357682583
29,41,0.0004971157680003224
29,42,0.0020012544914129737
29,43,0.0009963512893078064
29,44,0.0004971157680003224
29,45,0.0004971157680003224
29,46,0.0020012544914129737
29,47,0.0020012544914129737
29,48,0.003014857776670987
29,49,0.0020012544914129737
30,31,0.006891793878293556
30,32,0.0004356121052040418
30,33,0.00021690615142552772
30,34,0.00010822995376572053
30,35,0.006891793878293556
30,36,0.0004356121052039308
30,37,0.0008785446586100365
30,38,0.00021690615142552772
30,39,0.001442887214932409
30,40,0.0017873852030341197
30,41,0.00010822995376572053
30,42,0.0004356121052039308
30,43,0.00021690615142552772
30,44,0.00010822995376572053
30,45,0.00010822995376572053
30,46,0.0004356121052039308
30,47,0.0004356121052040418
30,48,0.0006561479804190196
30,49,0.0004356121052039308
31,32,0.00012501376644094564
31,33,6.225033537805846e-05
31,34,3.106155558840751e-05
31,35,0.04752754694225386
31,36,0.00012501376644094564
31,37,0.00025211424486903944
31,38,6.225033537821112e-05
31,39,0.0004140325579036763
31,40,0.0005128623945366284
31,41,3.106155558840751e-05
31,42,0.00012501376644094564
31,43,6.225033537805846e-05
31,44,3.106155558840751e-05
31,45,3.106155558840751e-05
31,46,0.00012501376644094564
31,47,0.00012501376644094564
31,48,0.00018829882189280722
31,49,0.00012501376644094564
32,33,0.00019260618696320675
32,34,9.61051738283536e-05
32,35,0.00012501376644091788
32,36,0.0003868088693189664
32,37,0.0007801111486965828
32,38,0.00019260618696320675
32,39,0.0012812092586080293
32,40,0.0015870944719378888
32,41,9.61051738283536e-05
32,42,0.0003868088693189664
32,43,0.00019260618696320675
32,44,9.61051738283536e-05
32,45,9.61051738283536e-05
32,46,0.0003868088693189664
32,47,0.0003868088693189664
32,48,0.0005826347354691563
32,49,0.0003868088693189664
33,34,4.785548576295706e-05
33,35,6.225033537805846e-05
33,36,0.00019260618696320675
33,37,0.00038843205311328566
33,38,9.590726420594109e-05
33,39,0.0006379093749109832
33,40,0.000790186407675364
33,41,4.785548576295706e-05
33,42,0.00019260618696320675
33,43,9.590726420577456e-05
33,44,4.785548576295706e-05
33,45,4.785548576295706e-05
33,46,0.00019260618696320675
33,47,0.00019260618696320675
33,48,0.00029010994656150646
33,49,0.00019260618696320675
34,35,3.106155558840751e-05
34,36,9.61051738283536e-05
34,37,0.00019381351480554643
34,38,4.785548576295706e-05
34,39,0.01744973132053035
34,40,0.00039426009377979687
34,41,0.03810002091525363
34,42,9.61051738283536e-05
34,43,4.785548576295706e-05
34,44,0.03810002091525363
34,45,0.03810002091525363
34,46,9.61051738283536e-05
34,47,9.61051738283536e-05
34,48,0.00014475561254695402
34,49,9.61051738283536e-05
35,36,0.00012501376644094564
35,37,0.00025211424486903944
35,38,6.225033537821112e-05
35,39,0.0004140325579036763
35,40,0.0005128623945366284
35,41,3.106155558840751e-05
35,42,0.00012501376644094564
35,43,6.225033537805846e-05
35,44,3.106155558840751e-05
35,45,3.106155558840751e-05
35,46,0.00012501376644094564
35,47,0.00012501376644094564
35,48,0.00018829882189280722
35,49,0.00012501376644094564
36,37,0.0007801111486963608
36,38,0.00019260618696320675
36,39,0.0012812092586080293
36,40,0.0015870944719378888
36,41,9.61051738283536e-05
36,42,0.0003868088693187999
36,43,0.00019260618696320675
36,44,9.61051738283536e-05
36,45,9.61051738283536e-05
36,46,0.0003868088693187999
36,47,0.0003868088693187999
36,48,0.0005826347354691563
36,49,0.0003868088693187999
37,38,0.00038843205311328566
37,39,0.002584350535447588
37,40,0.0032015400940318406
37,41,0.00019381351480554643
37,42,0.0007801111486964163
37,43,0.00038843205311328566
37,44,0.00019381351480554643
37,45,0.00019381351480554643
37,46,0.0007801111486964163
37,47,0.0007801111486964163
37,48,0.001175092036263481
37,49,0.0007801111486964163
38,39,0.0006379093749109832
38,40,0.0007901864076751974
38,41,4.785548576295706e-05
38,42,0.00019260618696320675
38,43,9.590726420594109e-05
38,44,4.785548576295706e-05
38,45,4.785548576295706e-05
38,46,0.00019260618696320675
38,47,0.00019260618696320675
38,48,0.000290109946561673
38,49,0.00019260618696320675
39,40,0.005259526502561229
39,41,0.01744973132053035
39,42,0.0012812092586080293
39,43,0.0006379093749109277
39,44,0.01744973132053035
39,45,0.01744973132053035
39,46,0.0012812092586080293
39,47,0.0012812092586080293
39,48,0.0019299915540818557
39,49,0.0012812092586080293
40,41,0.00039426009377979687
40,42,0.0015870944719378888
40,43,0.000790186407675364
40,44,0.00039426009377979687
40,45,0.00039426009377979687
40,46,0.0015870944719378888
40,47,0.0015870944719378888
40,48,0.002390839574282655
40,49,0.0015870944719378888
41,42,9.61051738283536e-05
41,43,4.785548576295706e-05
41,44,0.03810002091525363
41,45,0.03810002091525363
41,46,9.61051738283536e-05
41,47,9.61051738283536e-05
41,48,0.00014475561254695402
41,49,9.61051738283536e-05
42,43,0.00019260618696320675
42,44,9.61051738283536e-05
42,45,9.61051738283536e-05
42,46,0.0003868088693187999
42,47,0.0003868088693187999
42,48,0.0005826347354691563
42,49,0.0003868088693187999
43,44,4.785548576295706e-05
43,45,4.785548576295706e-05
43,46,0.00019260618696320675
43,47,0.00019260618696320675
43,48,0.04568580565449354
43,49,0.00019260618696320675
44,45,0.03810002091525363
44,46,9.61051738283536e-05
44,47,9.61051738283536e-05
44,48,0.00014475561254695402
44,49,9.61051738283536e-05
45,46,9.61051738283536e-05
45,47,9.61051738283536e-05
45,48,0.00014475561254695402
45,49,9.61051738283536e-05
46,47,0.0003868088693187999
46,48,0.0005826347354691563
46,49,0.0003868088693187999
47,48,0.0005826347354691563
47,49,0.0003868088693187999
48,49,0.0005826347354691563
